character,count,codepoints,unicode_names
်,4786992,U+103A,MYANMAR SIGN ASAT
ု,2223964,U+102F,MYANMAR VOWEL SIGN U
က,1868171,U+1000,MYANMAR LETTER KA
ာ,1778473,U+102C,MYANMAR VOWEL SIGN AA
တ,1622445,U+1010,MYANMAR LETTER TA
ေ,1325945,U+1031,MYANMAR VOWEL SIGN E
ိ,1237593,U+102D,MYANMAR VOWEL SIGN I
ပ,1205233,U+1015,MYANMAR LETTER PA
မ,1109286,U+1019,MYANMAR LETTER MA
ံ,1103671,U+1036,MYANMAR SIGN ANUSVARA
န,1061449,U+1014,MYANMAR LETTER NA
ဂ,926850,U+1002,MYANMAR LETTER GA
ၚ,869013,U+105A,MYANMAR LETTER MON NGA
ရ,808787,U+101B,MYANMAR LETTER RA
သ,808503,U+101E,MYANMAR LETTER SA
ွ,768444,U+103D,MYANMAR CONSONANT SIGN MEDIAL WA
္,764798,U+1039,MYANMAR SIGN VIRAMA
ဲ,755670,U+1032,MYANMAR VOWEL SIGN AI
လ,696089,U+101C,MYANMAR LETTER LA
အ,691924,U+1021,MYANMAR LETTER A
ဒ,611251,U+1012,MYANMAR LETTER DA
e,595860,U+0065,LATIN SMALL LETTER E
%,567212,U+0025,PERCENT SIGN
ဝ,559721,U+101D,MYANMAR LETTER WA
ှ,538178,U+103E,MYANMAR CONSONANT SIGN MEDIAL HA
င,524018,U+1004,MYANMAR LETTER NGA
ဟ,472420,U+101F,MYANMAR LETTER HA
း,462140,U+1038,MYANMAR SIGN VISARGA
ဍ,452692,U+100D,MYANMAR LETTER DDA
a,424844,U+0061,LATIN SMALL LETTER A
ၠ,400872,U+1060,MYANMAR CONSONANT SIGN MON MEDIAL LA
n,399097,U+006E,LATIN SMALL LETTER N
t,394766,U+0074,LATIN SMALL LETTER T
i,382134,U+0069,LATIN SMALL LETTER I
ဵ,379886,U+1035,MYANMAR VOWEL SIGN E ABOVE
o,377325,U+006F,LATIN SMALL LETTER O
စ,367689,U+1005,MYANMAR LETTER CA
ဗ,354272,U+1017,MYANMAR LETTER BA
၊,349098,U+104A,MYANMAR SIGN LITTLE SECTION
။,333580,U+104B,MYANMAR SIGN SECTION
ၞ,332585,U+105E,MYANMAR CONSONANT SIGN MON MEDIAL NA
r,309068,U+0072,LATIN SMALL LETTER R
ြ,302115,U+103C,MYANMAR CONSONANT SIGN MEDIAL RA
),299749,U+0029,RIGHT PARENTHESIS
(,298302,U+0028,LEFT PARENTHESIS
ၟ,284149,U+105F,MYANMAR CONSONANT SIGN MON MEDIAL MA
s,268228,U+0073,LATIN SMALL LETTER S
ီ,253071,U+102E,MYANMAR VOWEL SIGN II
ခ,247783,U+1001,MYANMAR LETTER KHA
1,238093,U+0031,DIGIT ONE
ဳ,235285,U+1033,MYANMAR VOWEL SIGN MON II
8,231877,U+0038,DIGIT EIGHT
ဇ,228882,U+1007,MYANMAR LETTER JA
ါ,222782,U+102B,MYANMAR VOWEL SIGN TALL AA
0,220603,U+0030,DIGIT ZERO
ည,214920,U+100A,MYANMAR LETTER NNYA
ျ,213559,U+103B,MYANMAR CONSONANT SIGN MEDIAL YA
.,209736,U+002E,FULL STOP
ူ,204902,U+1030,MYANMAR VOWEL SIGN UU
d,197644,U+0064,LATIN SMALL LETTER D
l,195872,U+006C,LATIN SMALL LETTER L
ယ,186600,U+101A,MYANMAR LETTER YA
h,164224,U+0068,LATIN SMALL LETTER H
c,154233,U+0063,LATIN SMALL LETTER C
ဴ,145348,U+1034,MYANMAR VOWEL SIGN MON O
ထ,136202,U+1011,MYANMAR LETTER THA
u,130680,U+0075,LATIN SMALL LETTER U
ဏ,127439,U+100F,MYANMAR LETTER NNA
E,124534,U+0045,LATIN CAPITAL LETTER E
m,122168,U+006D,LATIN SMALL LETTER M
p,121247,U+0070,LATIN SMALL LETTER P
g,105146,U+0067,LATIN SMALL LETTER G
f,104033,U+0066,LATIN SMALL LETTER F
ဆ,100746,U+1006,MYANMAR LETTER CHA
v,100587,U+0076,LATIN SMALL LETTER V
ဓ,98168,U+1013,MYANMAR LETTER DHA
b,98072,U+0062,LATIN SMALL LETTER B
ဘ,97912,U+1018,MYANMAR LETTER BHA
ၜ,97319,U+105C,MYANMAR LETTER MON BBA
ဖ,90865,U+1016,MYANMAR LETTER PHA
",",84029,U+002C,COMMA
9,81804,U+0039,DIGIT NINE
y,76233,U+0079,LATIN SMALL LETTER Y
w,74978,U+0077,LATIN SMALL LETTER W
A,69764,U+0041,LATIN CAPITAL LETTER A
၁,62164,U+1041,MYANMAR DIGIT ONE
၂,60819,U+1042,MYANMAR DIGIT TWO
-,59616,U+002D,HYPHEN-MINUS
k,52591,U+006B,LATIN SMALL LETTER K
၀,52137,U+1040,MYANMAR DIGIT ZERO
/,50952,U+002F,SOLIDUS
B,46726,U+0042,LATIN CAPITAL LETTER B
[,43069,U+005B,LEFT SQUARE BRACKET
],43064,U+005D,RIGHT SQUARE BRACKET
C,42197,U+0043,LATIN CAPITAL LETTER C
2,36681,U+0032,DIGIT TWO
:,34665,U+003A,COLON
ဥ,34406,U+1025,MYANMAR LETTER U
"""",32276,U+0022,QUOTATION MARK
၃,30618,U+1043,MYANMAR DIGIT THREE
D,28116,U+0044,LATIN CAPITAL LETTER D
S,27978,U+0053,LATIN CAPITAL LETTER S
၅,22505,U+1045,MYANMAR DIGIT FIVE
ဌ,22387,U+100C,MYANMAR LETTER TTHA
၄,21234,U+1044,MYANMAR DIGIT FOUR
P,21073,U+0050,LATIN CAPITAL LETTER P
M,20379,U+004D,LATIN CAPITAL LETTER M
၉,19799,U+1049,MYANMAR DIGIT NINE
j,19328,U+006A,LATIN SMALL LETTER J
4,18424,U+0034,DIGIT FOUR
F,18334,U+0046,LATIN CAPITAL LETTER F
၈,18284,U+1048,MYANMAR DIGIT EIGHT
5,16940,U+0035,DIGIT FIVE
ဋ,16242,U+100B,MYANMAR LETTER TTA
၆,16027,U+1046,MYANMAR DIGIT SIX
I,15850,U+0049,LATIN CAPITAL LETTER I
N,15738,U+004E,LATIN CAPITAL LETTER N
ဉ,15258,U+1009,MYANMAR LETTER NYA
T,15038,U+0054,LATIN CAPITAL LETTER T
ဿ,14647,U+103F,MYANMAR LETTER GREAT SA
၇,13703,U+1047,MYANMAR DIGIT SEVEN
R,11346,U+0052,LATIN CAPITAL LETTER R
L,10976,U+004C,LATIN CAPITAL LETTER L
3,10798,U+0033,DIGIT THREE
6,10783,U+0036,DIGIT SIX
x,10221,U+0078,LATIN SMALL LETTER X
7,9829,U+0037,DIGIT SEVEN
ဣ,9333,U+1023,MYANMAR LETTER I
H,8854,U+0048,LATIN CAPITAL LETTER H
့,8521,U+1037,MYANMAR SIGN DOT BELOW
ဃ,8358,U+1003,MYANMAR LETTER GHA
U,7913,U+0055,LATIN CAPITAL LETTER U
ဠ,7565,U+1020,MYANMAR LETTER LLA
O,7560,U+004F,LATIN CAPITAL LETTER O
G,7371,U+0047,LATIN CAPITAL LETTER G
{,7316,U+007B,LEFT CURLY BRACKET
},7250,U+007D,RIGHT CURLY BRACKET
W,6706,U+0057,LATIN CAPITAL LETTER W
K,6533,U+004B,LATIN CAPITAL LETTER K
?,5996,U+003F,QUESTION MARK
_,5993,U+005F,LOW LINE
z,5867,U+007A,LATIN SMALL LETTER Z
ၝ,5829,U+105D,MYANMAR LETTER MON BBE
V,5826,U+0056,LATIN CAPITAL LETTER V
ဨ,5792,U+1028,MYANMAR LETTER MON E
ဩ,5504,U+1029,MYANMAR LETTER O
q,5184,U+0071,LATIN SMALL LETTER Q
J,4018,U+004A,LATIN CAPITAL LETTER J
=,3802,U+003D,EQUALS SIGN
',3601,U+0027,APOSTROPHE
*,2735,U+002A,ASTERISK
า,2036,U+0E32,THAI CHARACTER SARA AA
’,1972,U+2019,RIGHT SINGLE QUOTATION MARK
ၛ,1805,U+105B,MYANMAR LETTER MON JHA
;,1785,U+003B,SEMICOLON
Y,1741,U+0059,LATIN CAPITAL LETTER Y
น,1729,U+0E19,THAI CHARACTER NO NU
ဦ,1578,U+1026,MYANMAR LETTER UU
ร,1393,U+0E23,THAI CHARACTER RO RUA
$,1350,U+0024,DOLLAR SIGN
|,1232,U+007C,VERTICAL LINE
ม,1161,U+0E21,THAI CHARACTER MO MA
อ,1083,U+0E2D,THAI CHARACTER O ANG
ก,1083,U+0E01,THAI CHARACTER KO KAI
+,1050,U+002B,PLUS SIGN
เ,1024,U+0E40,THAI CHARACTER SARA E
่,996,U+0E48,THAI CHARACTER MAI EK
้,966,U+0E49,THAI CHARACTER MAI THO
ล,927,U+0E25,THAI CHARACTER LO LING
Z,898,U+005A,LATIN CAPITAL LETTER Z
ง,861,U+0E07,THAI CHARACTER NGO NGU
ั,860,U+0E31,THAI CHARACTER MAI HAN-AKAT
&,853,U+0026,AMPERSAND
Q,850,U+0051,LATIN CAPITAL LETTER Q
ย,827,U+0E22,THAI CHARACTER YO YAK
ว,784,U+0E27,THAI CHARACTER WO WAEN
ā,784,U+0101,LATIN SMALL LETTER A WITH MACRON
\,746,U+005C,REVERSE SOLIDUS
ี,728,U+0E35,THAI CHARACTER SARA II
>,728,U+003E,GREATER-THAN SIGN
ะ,660,U+0E30,THAI CHARACTER SARA A
၏,658,U+104F,MYANMAR SYMBOL GENITIVE
ป,657,U+0E1B,THAI CHARACTER PO PLA
ด,655,U+0E14,THAI CHARACTER DO DEK
ส,608,U+0E2A,THAI CHARACTER SO SUA
ิ,578,U+0E34,THAI CHARACTER SARA I
ท,552,U+0E17,THAI CHARACTER THO THAHAN
#,498,U+0023,NUMBER SIGN
ห,486,U+0E2B,THAI CHARACTER HO HIP
႕,480,U+1095,MYANMAR SHAN DIGIT FIVE
ၐ,471,U+1050,MYANMAR LETTER SHA
ต,464,U+0E15,THAI CHARACTER TO TAO
พ,463,U+0E1E,THAI CHARACTER PHO PHAN
X,447,U+0058,LATIN CAPITAL LETTER X
ə,412,U+0259,LATIN SMALL LETTER SCHWA
บ,411,U+0E1A,THAI CHARACTER BO BAIMAI
í,396,U+00ED,LATIN SMALL LETTER I WITH ACUTE
`,389,U+0060,GRAVE ACCENT
ဧ,380,U+1027,MYANMAR LETTER E
จ,379,U+0E08,THAI CHARACTER CHO CHAN
ช,367,U+0E0A,THAI CHARACTER CHO CHANG
ค,365,U+0E04,THAI CHARACTER KHO KHWAI
แ,353,U+0E41,THAI CHARACTER SARA AE
æ,347,U+00E6,LATIN SMALL LETTER AE
!,346,U+0021,EXCLAMATION MARK
ไ,338,U+0E44,THAI CHARACTER SARA AI MAIMALAI
å,331,U+00E5,LATIN SMALL LETTER A WITH RING ABOVE
ဎ,322,U+100E,MYANMAR LETTER DDHA
ุ,312,U+0E38,THAI CHARACTER SARA U
ใ,311,U+0E43,THAI CHARACTER SARA AI MAIMUAN
ื,310,U+0E37,THAI CHARACTER SARA UEE
°,309,U+00B0,DEGREE SIGN
é,302,U+00E9,LATIN SMALL LETTER E WITH ACUTE
ø,282,U+00F8,LATIN SMALL LETTER O WITH STROKE
̪,259,U+032A,COMBINING BRIDGE BELOW
็,255,U+0E47,THAI CHARACTER MAITAIKHU
์,248,U+0E4C,THAI CHARACTER THANTHAKHAT
ข,243,U+0E02,THAI CHARACTER KHO KHAI
ႝ,240,U+109D,MYANMAR VOWEL SIGN AITON AI
ำ,232,U+0E33,THAI CHARACTER SARA AM
၍,225,U+104D,MYANMAR SYMBOL COMPLETED
ู,219,U+0E39,THAI CHARACTER SARA UU
ː,215,U+02D0,MODIFIER LETTER TRIANGULAR COLON
ñ,201,U+00F1,LATIN SMALL LETTER N WITH TILDE
<,186,U+003C,LESS-THAN SIGN
^,181,U+005E,CIRCUMFLEX ACCENT
โ,179,U+0E42,THAI CHARACTER SARA O
،,177,U+060C,ARABIC COMMA
ႊ,174,U+108A,MYANMAR SIGN SHAN TONE-6
×,154,U+00D7,MULTIPLICATION SIGN
၌,153,U+104C,MYANMAR SYMBOL LOCATIVE
ษ,152,U+0E29,THAI CHARACTER SO RUSI
ศ,151,U+0E28,THAI CHARACTER SO SALA
႘,144,U+1098,MYANMAR SHAN DIGIT EIGHT
ī,140,U+012B,LATIN SMALL LETTER I WITH MACRON
ธ,130,U+0E18,THAI CHARACTER THO THONG
ɪ,127,U+026A,LATIN LETTER SMALL CAPITAL I
ผ,121,U+0E1C,THAI CHARACTER PHO PHUNG
႔,120,U+1094,MYANMAR SHAN DIGIT FOUR
ณ,111,U+0E13,THAI CHARACTER NO NEN
ภ,105,U+0E20,THAI CHARACTER PHO SAMPHAO
á,105,U+00E1,LATIN SMALL LETTER A WITH ACUTE
ึ,105,U+0E36,THAI CHARACTER SARA UE
ႏ,104,U+108F,MYANMAR SIGN RUMAI PALAUNG TONE-5
ा,103,U+093E,DEVANAGARI VOWEL SIGN AA
ญ,102,U+0E0D,THAI CHARACTER YO YING
्,101,U+094D,DEVANAGARI SIGN VIRAMA
ซ,101,U+0E0B,THAI CHARACTER SO SO
ɑ,101,U+0251,LATIN SMALL LETTER ALPHA
ၑ,97,U+1051,MYANMAR LETTER SSA
ႇ,96,U+1087,MYANMAR SIGN SHAN TONE-2
­,94,U+00AD,SOFT HYPHEN
ü,91,U+00FC,LATIN SMALL LETTER U WITH DIAERESIS
๑,91,U+0E51,THAI DIGIT ONE
§,90,U+00A7,SECTION SIGN
”,83,U+201D,RIGHT DOUBLE QUOTATION MARK
…,82,U+2026,HORIZONTAL ELLIPSIS
ถ,82,U+0E16,THAI CHARACTER THO THUNG
̃,78,U+0303,COMBINING TILDE
ႅ,77,U+1085,MYANMAR VOWEL SIGN SHAN E ABOVE
ဈ,76,U+1008,MYANMAR LETTER JHA
ū,75,U+016B,LATIN SMALL LETTER U WITH MACRON
ˈ,67,U+02C8,MODIFIER LETTER VERTICAL LINE
è,65,U+00E8,LATIN SMALL LETTER E WITH GRAVE
·,64,U+00B7,MIDDLE DOT
à,64,U+00E0,LATIN SMALL LETTER A WITH GRAVE
र,64,U+0930,DEVANAGARI LETTER RA
α,63,U+03B1,GREEK SMALL LETTER ALPHA
ဤ,63,U+1024,MYANMAR LETTER II
ö,62,U+00F6,LATIN SMALL LETTER O WITH DIAERESIS
“,61,U+201C,LEFT DOUBLE QUOTATION MARK
ि,61,U+093F,DEVANAGARI VOWEL SIGN I
🙏,59,U+1F64F,PERSON WITH FOLDED HANDS
ç,59,U+00E7,LATIN SMALL LETTER C WITH CEDILLA
͡,59,U+0361,COMBINING DOUBLE INVERTED BREVE
´,58,U+00B4,ACUTE ACCENT
и,58,U+0438,CYRILLIC SMALL LETTER I
ႜ,58,U+109C,MYANMAR VOWEL SIGN AITON A
ó,57,U+00F3,LATIN SMALL LETTER O WITH ACUTE
ا,57,U+0627,ARABIC LETTER ALEF
а,55,U+0430,CYRILLIC SMALL LETTER A
ʃ,55,U+0283,LATIN SMALL LETTER ESH
ʰ,55,U+02B0,MODIFIER LETTER SMALL H
क,54,U+0915,DEVANAGARI LETTER KA
−,50,U+2212,MINUS SIGN
ō,49,U+014D,LATIN SMALL LETTER O WITH MACRON
ๆ,46,U+0E46,THAI CHARACTER MAIYAMOK
É,46,U+00C9,LATIN CAPITAL LETTER E WITH ACUTE
स,45,U+0938,DEVANAGARI LETTER SA
၎,45,U+104E,MYANMAR SYMBOL AFOREMENTIONED
๐,45,U+0E50,THAI DIGIT ZERO
त,42,U+0924,DEVANAGARI LETTER TA
@,40,U+0040,COMMERCIAL AT
ŋ,38,U+014B,LATIN SMALL LETTER ENG
ô,37,U+00F4,LATIN SMALL LETTER O WITH CIRCUMFLEX
τ,36,U+03C4,GREEK SMALL LETTER TAU
म,36,U+092E,DEVANAGARI LETTER MA
с,36,U+0441,CYRILLIC SMALL LETTER ES
ʋ,36,U+028B,LATIN SMALL LETTER V WITH HOOK
î,35,U+00EE,LATIN SMALL LETTER I WITH CIRCUMFLEX
о,35,U+043E,CYRILLIC SMALL LETTER O
प,35,U+092A,DEVANAGARI LETTER PA
Ā,34,U+0100,LATIN CAPITAL LETTER A WITH MACRON
ฟ,34,U+0E1F,THAI CHARACTER FO FAN
‘,33,U+2018,LEFT SINGLE QUOTATION MARK
ʊ,33,U+028A,LATIN SMALL LETTER UPSILON
न,33,U+0928,DEVANAGARI LETTER NA
β,33,U+03B2,GREEK SMALL LETTER BETA
н,33,U+043D,CYRILLIC SMALL LETTER EN
ē,32,U+0113,LATIN SMALL LETTER E WITH MACRON
ä,32,U+00E4,LATIN SMALL LETTER A WITH DIAERESIS
â,32,U+00E2,LATIN SMALL LETTER A WITH CIRCUMFLEX
ú,32,U+00FA,LATIN SMALL LETTER U WITH ACUTE
்,32,U+0BCD,TAMIL SIGN VIRAMA
ႆ,31,U+1086,MYANMAR VOWEL SIGN SHAN FINAL Y
ν,31,U+03BD,GREEK SMALL LETTER NU
ι,30,U+03B9,GREEK SMALL LETTER IOTA
व,30,U+0935,DEVANAGARI LETTER VA
ρ,29,U+03C1,GREEK SMALL LETTER RHO
ႉ,29,U+1089,MYANMAR SIGN SHAN TONE-5
ं,29,U+0902,DEVANAGARI SIGN ANUSVARA
ل,29,U+0644,ARABIC LETTER LAM
ς,29,U+03C2,GREEK SMALL LETTER FINAL SIGMA
μ,28,U+03BC,GREEK SMALL LETTER MU
ο,28,U+03BF,GREEK SMALL LETTER OMICRON
ी,28,U+0940,DEVANAGARI VOWEL SIGN II
ʔ,28,U+0294,LATIN LETTER GLOTTAL STOP
θ,27,U+03B8,GREEK SMALL LETTER THETA
ฉ,27,U+0E09,THAI CHARACTER CHO CHING
ၲ,26,U+1072,MYANMAR VOWEL SIGN KAYAH OE
ၢ,26,U+1062,MYANMAR VOWEL SIGN SGAW KAREN EU
๒,26,U+0E52,THAI DIGIT TWO
๖,26,U+0E56,THAI DIGIT SIX
~,25,U+007E,TILDE
ي,25,U+064A,ARABIC LETTER YEH
е,25,U+0435,CYRILLIC SMALL LETTER IE
ฐ,24,U+0E10,THAI CHARACTER THO THAN
ु,24,U+0941,DEVANAGARI VOWEL SIGN U
द,24,U+0926,DEVANAGARI LETTER DA
ल,24,U+0932,DEVANAGARI LETTER LA
р,24,U+0440,CYRILLIC SMALL LETTER ER
๔,24,U+0E54,THAI DIGIT FOUR
م,24,U+0645,ARABIC LETTER MEEM
ɔ,23,U+0254,LATIN SMALL LETTER OPEN O
ś,23,U+015B,LATIN SMALL LETTER S WITH ACUTE
٣,23,U+0663,ARABIC-INDIC DIGIT THREE
๓,23,U+0E53,THAI DIGIT THREE
๕,23,U+0E55,THAI DIGIT FIVE
๘,23,U+0E58,THAI DIGIT EIGHT
ε,23,U+03B5,GREEK SMALL LETTER EPSILON
γ,22,U+03B3,GREEK SMALL LETTER GAMMA
٠,22,U+0660,ARABIC-INDIC DIGIT ZERO
١,22,U+0661,ARABIC-INDIC DIGIT ONE
٢,22,U+0662,ARABIC-INDIC DIGIT TWO
٤,22,U+0664,ARABIC-INDIC DIGIT FOUR
٥,22,U+0665,ARABIC-INDIC DIGIT FIVE
٦,22,U+0666,ARABIC-INDIC DIGIT SIX
٧,22,U+0667,ARABIC-INDIC DIGIT SEVEN
٨,22,U+0668,ARABIC-INDIC DIGIT EIGHT
٩,22,U+0669,ARABIC-INDIC DIGIT NINE
๙,22,U+0E59,THAI DIGIT NINE
ம,22,U+0BAE,TAMIL LETTER MA
‚,21,U+201A,SINGLE LOW-9 QUOTATION MARK
±,21,U+00B1,PLUS-MINUS SIGN
ن,21,U+0646,ARABIC LETTER NOON
т,21,U+0442,CYRILLIC SMALL LETTER TE
π,21,U+03C0,GREEK SMALL LETTER PI
📍,20,U+1F4CD,ROUND PUSHPIN
ၼ,20,U+107C,MYANMAR LETTER SHAN NA
ί,20,U+03AF,GREEK SMALL LETTER IOTA WITH TONOS
ग,20,U+0917,DEVANAGARI LETTER GA
ã,20,U+00E3,LATIN SMALL LETTER A WITH TILDE
ʒ,20,U+0292,LATIN SMALL LETTER EZH
κ,19,U+03BA,GREEK SMALL LETTER KAPPA
श,19,U+0936,DEVANAGARI LETTER SHA
া,19,U+09BE,BENGALI VOWEL SIGN AA
ब,19,U+092C,DEVANAGARI LETTER BA
க,19,U+0B95,TAMIL LETTER KA
—,18,U+2014,EM DASH
ɰ,18,U+0270,LATIN SMALL LETTER TURNED M WITH LONG LEG
ò,18,U+00F2,LATIN SMALL LETTER O WITH GRAVE
ɲ,18,U+0272,LATIN SMALL LETTER N WITH LEFT HOOK
ɛ,18,U+025B,LATIN SMALL LETTER OPEN E
ၥ,18,U+1065,MYANMAR LETTER WESTERN PWO KAREN THA
Ì,18,U+00CC,LATIN CAPITAL LETTER I WITH GRAVE
႐,18,U+1090,MYANMAR SHAN DIGIT ZERO
य,18,U+092F,DEVANAGARI LETTER YA
ر,18,U+0631,ARABIC LETTER REH
к,18,U+043A,CYRILLIC SMALL LETTER KA
ê,18,U+00EA,LATIN SMALL LETTER E WITH CIRCUMFLEX
ɾ,18,U+027E,LATIN SMALL LETTER R WITH FISHHOOK
👇,17,U+1F447,WHITE DOWN POINTING BACKHAND INDEX
️,17,U+FE0F,VARIATION SELECTOR-16
႙,17,U+1099,MYANMAR SHAN DIGIT NINE
σ,17,U+03C3,GREEK SMALL LETTER SIGMA
ो,17,U+094B,DEVANAGARI VOWEL SIGN O
ு,17,U+0BC1,TAMIL VOWEL SIGN U
്,17,U+0D4D,MALAYALAM SIGN VIRAMA
ï,16,U+00EF,LATIN SMALL LETTER I WITH DIAERESIS
भ,16,U+092D,DEVANAGARI LETTER BHA
ण,16,U+0923,DEVANAGARI LETTER NNA
λ,16,U+03BB,GREEK SMALL LETTER LAMDA
в,16,U+0432,CYRILLIC SMALL LETTER VE
י,16,U+05D9,HEBREW LETTER YOD
্,16,U+09CD,BENGALI SIGN VIRAMA
л,16,U+043B,CYRILLIC SMALL LETTER EL
ฤ,16,U+0E24,THAI CHARACTER RU
ர,16,U+0BB0,TAMIL LETTER RA
η,15,U+03B7,GREEK SMALL LETTER ETA
̀,15,U+0300,COMBINING GRAVE ACCENT
་,15,U+0F0B,TIBETAN MARK INTERSYLLABIC TSHEG
ฮ,15,U+0E2E,THAI CHARACTER HO NOKHUK
Ś,15,U+015A,LATIN CAPITAL LETTER S WITH ACUTE
ì,15,U+00EC,LATIN SMALL LETTER I WITH GRAVE
ǎ,15,U+01CE,LATIN SMALL LETTER A WITH CARON
ฯ,15,U+0E2F,THAI CHARACTER PAIYANNOI
ب,15,U+0628,ARABIC LETTER BEH
»,14,U+00BB,RIGHT-POINTING DOUBLE ANGLE QUOTATION MARK
ၸ,14,U+1078,MYANMAR LETTER SHAN CA
ज,14,U+091C,DEVANAGARI LETTER JA
ह,14,U+0939,DEVANAGARI LETTER HA
ی,14,U+06CC,ARABIC LETTER FARSI YEH
‎,13,U+200E,LEFT-TO-RIGHT MARK
м,13,U+043C,CYRILLIC SMALL LETTER EM
г,13,U+0433,CYRILLIC SMALL LETTER GHE
अ,13,U+0905,DEVANAGARI LETTER A
ό,13,U+03CC,GREEK SMALL LETTER OMICRON WITH TONOS
я,13,U+044F,CYRILLIC SMALL LETTER YA
س,13,U+0633,ARABIC LETTER SEEN
ʈ,13,U+0288,LATIN SMALL LETTER T WITH RETROFLEX HOOK
χ,12,U+03C7,GREEK SMALL LETTER CHI
ù,12,U+00F9,LATIN SMALL LETTER U WITH GRAVE
ၾ,12,U+107E,MYANMAR LETTER SHAN FA
و,12,U+0648,ARABIC LETTER WAW
ω,12,U+03C9,GREEK SMALL LETTER OMEGA
ฒ,12,U+0E12,THAI CHARACTER THO PHUTHAO
ه,12,U+0647,ARABIC LETTER HEH
ி,12,U+0BBF,TAMIL VOWEL SIGN I
ध,11,U+0927,DEVANAGARI LETTER DHA
й,11,U+0439,CYRILLIC SMALL LETTER SHORT I
ব,11,U+09AC,BENGALI LETTER BA
ू,11,U+0942,DEVANAGARI VOWEL SIGN UU
த,11,U+0BA4,TAMIL LETTER TA
ɦ,11,U+0266,LATIN SMALL LETTER H WITH HOOK
•,10,U+2022,BULLET
έ,10,U+03AD,GREEK SMALL LETTER EPSILON WITH TONOS
Å,10,U+00C5,LATIN CAPITAL LETTER A WITH RING ABOVE
з,10,U+0437,CYRILLIC SMALL LETTER ZE
у,10,U+0443,CYRILLIC SMALL LETTER U
ष,10,U+0937,DEVANAGARI LETTER SSA
ה,10,U+05D4,HEBREW LETTER HE
ฝ,10,U+0E1D,THAI CHARACTER FO FA
ฑ,10,U+0E11,THAI CHARACTER THO NANGMONTHO
÷,10,U+00F7,DIVISION SIGN
Đ,10,U+0110,LATIN CAPITAL LETTER D WITH STROKE
ၿ,10,U+107F,MYANMAR LETTER SHAN BA
े,10,U+0947,DEVANAGARI VOWEL SIGN E
ப,10,U+0BAA,TAMIL LETTER PA
ă,10,U+0103,LATIN SMALL LETTER A WITH BREVE
්,10,U+0DCA,SINHALA SIGN AL-LAKUNA
💞,9,U+1F49E,REVOLVING HEARTS
¬,9,U+00AC,NOT SIGN
ָ,9,U+05B8,HEBREW POINT QAMATS
ை,9,U+0BC8,TAMIL VOWEL SIGN AI
ǔ,9,U+01D4,LATIN SMALL LETTER U WITH CARON
д,9,U+0434,CYRILLIC SMALL LETTER DE
ּ,9,U+05BC,HEBREW POINT DAGESH OR MAPIQ
ɡ,9,U+0261,LATIN SMALL LETTER SCRIPT G
̰,9,U+0330,COMBINING TILDE BELOW
́,8,U+0301,COMBINING ACUTE ACCENT
ၮ,8,U+106E,MYANMAR LETTER EASTERN PWO KAREN NNA
М,8,U+041C,CYRILLIC CAPITAL LETTER EM
ၵ,8,U+1075,MYANMAR LETTER SHAN KA
ή,8,U+03AE,GREEK SMALL LETTER ETA WITH TONOS
ά,8,U+03AC,GREEK SMALL LETTER ALPHA WITH TONOS
ฆ,8,U+0E06,THAI CHARACTER KHO RAKHANG
ð,8,U+00F0,LATIN SMALL LETTER ETH
র,8,U+09B0,BENGALI LETTER RA
Ø,8,U+00D8,LATIN CAPITAL LETTER O WITH STROKE
א,8,U+05D0,HEBREW LETTER ALEF
ฏ,8,U+0E0F,THAI CHARACTER TO PATAK
ರ,8,U+0CB0,KANNADA LETTER RA
வ,8,U+0BB5,TAMIL LETTER VA
ಿ,8,U+0CBF,KANNADA VOWEL SIGN I
ா,8,U+0BBE,TAMIL VOWEL SIGN AA
Á,8,U+00C1,LATIN CAPITAL LETTER A WITH ACUTE
ı,8,U+0131,LATIN SMALL LETTER DOTLESS I
ǐ,8,U+01D0,LATIN SMALL LETTER I WITH CARON
п,8,U+043F,CYRILLIC SMALL LETTER PE
đ,8,U+0111,LATIN SMALL LETTER D WITH STROKE
າ,8,U+0EB2,LAO VOWEL SIGN AA
ස,8,U+0DC3,SINHALA LETTER DANTAJA SAYANNA
ၱ,7,U+1071,MYANMAR VOWEL SIGN GEBA KAREN I
Μ,7,U+039C,GREEK CAPITAL LETTER MU
Ö,7,U+00D6,LATIN CAPITAL LETTER O WITH DIAERESIS
ت,7,U+062A,ARABIC LETTER TEH
ש,7,U+05E9,HEBREW LETTER SHIN
Р,7,U+0420,CYRILLIC CAPITAL LETTER ER
ृ,7,U+0943,DEVANAGARI VOWEL SIGN VOCALIC R
ˌ,7,U+02CC,MODIFIER LETTER LOW VERTICAL LINE
ו,7,U+05D5,HEBREW LETTER VAV
φ,7,U+03C6,GREEK SMALL LETTER PHI
ச,7,U+0B9A,TAMIL LETTER CA
च,7,U+091A,DEVANAGARI LETTER CA
ь,7,U+044C,CYRILLIC SMALL LETTER SOFT SIGN
د,7,U+062F,ARABIC LETTER DAL
Т,7,U+0422,CYRILLIC CAPITAL LETTER TE
ɳ,7,U+0273,LATIN SMALL LETTER N WITH RETROFLEX HOOK
❗,6,U+2757,HEAVY EXCLAMATION MARK SYMBOL
😅,6,U+1F605,SMILING FACE WITH OPEN MOUTH AND COLD SWEAT
😔,6,U+1F614,PENSIVE FACE
☺,6,U+263A,WHITE SMILING FACE
ˀ,6,U+02C0,MODIFIER LETTER GLOTTAL STOP
ф,6,U+0444,CYRILLIC SMALL LETTER EF
འ,6,U+0F60,TIBETAN LETTER -A
ၤ,6,U+1064,MYANMAR TONE MARK SGAW KAREN KE PHO
ʁ,6,U+0281,LATIN LETTER SMALL CAPITAL INVERTED R
ك,6,U+0643,ARABIC LETTER KAF
ق,6,U+0642,ARABIC LETTER QAF
ɒ,6,U+0252,LATIN SMALL LETTER TURNED ALPHA
С,6,U+0421,CYRILLIC CAPITAL LETTER ES
º,6,U+00BA,MASCULINE ORDINAL INDICATOR
²,6,U+00B2,SUPERSCRIPT TWO
Д,6,U+0414,CYRILLIC CAPITAL LETTER DE
ë,6,U+00EB,LATIN SMALL LETTER E WITH DIAERESIS
ć,6,U+0107,LATIN SMALL LETTER C WITH ACUTE
ฬ,6,U+0E2C,THAI CHARACTER LO CHULA
ै,6,U+0948,DEVANAGARI VOWEL SIGN AI
ি,6,U+09BF,BENGALI VOWEL SIGN I
ಾ,6,U+0CBE,KANNADA VOWEL SIGN AA
£,6,U+00A3,POUND SIGN
୍,6,U+0B4D,ORIYA SIGN VIRAMA
ל,6,U+05DC,HEBREW LETTER LAMED
č,6,U+010D,LATIN SMALL LETTER C WITH CARON
ฎ,6,U+0E0E,THAI CHARACTER DO CHADA
ু,6,U+09C1,BENGALI VOWEL SIGN U
ວ,6,U+0EA7,LAO LETTER WO
õ,6,U+00F5,LATIN SMALL LETTER O WITH TILDE
😪,5,U+1F62A,SLEEPY FACE
😒,5,U+1F612,UNAMUSED FACE
🤝,5,U+1F91D,HANDSHAKE
👉,5,U+1F449,WHITE RIGHT POINTING BACKHAND INDEX
ဢ,5,U+1022,MYANMAR LETTER SHAN A
ོ,5,U+0F7C,TIBETAN VOWEL SIGN O
ད,5,U+0F51,TIBETAN LETTER DA
ड,5,U+0921,DEVANAGARI LETTER DDA
š,5,U+0161,LATIN SMALL LETTER S WITH CARON
ִ,5,U+05B4,HEBREW POINT HIRIQ
ח,5,U+05D7,HEBREW LETTER HET
ַ,5,U+05B7,HEBREW POINT PATAH
ా,5,U+0C3E,TELUGU VOWEL SIGN AA
শ,5,U+09B6,BENGALI LETTER SHA
आ,5,U+0906,DEVANAGARI LETTER AA
ା,5,U+0B3E,ORIYA VOWEL SIGN AA
ख,5,U+0916,DEVANAGARI LETTER KHA
ಮ,5,U+0CAE,KANNADA LETTER MA
ర,5,U+0C30,TELUGU LETTER RA
ল,5,U+09B2,BENGALI LETTER LA
ন,5,U+09A8,BENGALI LETTER NA
ক,5,U+0995,BENGALI LETTER KA
ண,5,U+0BA3,TAMIL LETTER NNA
ɴ,5,U+0274,LATIN LETTER SMALL CAPITAL N
б,5,U+0431,CYRILLIC SMALL LETTER BE
ച,5,U+0D1A,MALAYALAM LETTER CA
ত,5,U+09A4,BENGALI LETTER TA
్,5,U+0C4D,TELUGU SIGN VIRAMA
ğ,5,U+011F,LATIN SMALL LETTER G WITH BREVE
إ,5,U+0625,ARABIC LETTER ALEF WITH HAMZA BELOW
ņ,5,U+0146,LATIN SMALL LETTER N WITH CEDILLA
À,5,U+00C0,LATIN CAPITAL LETTER A WITH GRAVE
ц,5,U+0446,CYRILLIC SMALL LETTER TSE
Æ,5,U+00C6,LATIN CAPITAL LETTER AE
ས,5,U+0F66,TIBETAN LETTER SA
ത,5,U+0D24,MALAYALAM LETTER TA
⁡,5,U+2061,FUNCTION APPLICATION
ම,5,U+0DB8,SINHALA LETTER MAYANNA
⁠,5,U+2060,WORD JOINER
Ō,5,U+014C,LATIN CAPITAL LETTER O WITH MACRON
🛡,4,U+1F6E1,SHIELD
❤,4,U+2764,HEAVY BLACK HEART
🙄,4,U+1F644,FACE WITH ROLLING EYES
😥,4,U+1F625,DISAPPOINTED BUT RELIEVED FACE
🍒,4,U+1F352,CHERRIES
🌿,4,U+1F33F,HERB
–,4,U+2013,EN DASH
ẻ,4,U+1EBB,LATIN SMALL LETTER E WITH HOOK ABOVE
̄,4,U+0304,COMBINING MACRON
Г,4,U+0413,CYRILLIC CAPITAL LETTER GHE
Ç,4,U+00C7,LATIN CAPITAL LETTER C WITH CEDILLA
ฺ,4,U+0E3A,THAI CHARACTER PHINTHU
ɐ,4,U+0250,LATIN SMALL LETTER TURNED A
थ,4,U+0925,DEVANAGARI LETTER THA
מ,4,U+05DE,HEBREW LETTER MEM
ণ,4,U+09A3,BENGALI LETTER NNA
ы,4,U+044B,CYRILLIC SMALL LETTER YERU
פ,4,U+05E4,HEBREW LETTER PE
ύ,4,U+03CD,GREEK SMALL LETTER UPSILON WITH TONOS
മ,4,U+0D2E,MALAYALAM LETTER MA
ၡ,4,U+1061,MYANMAR LETTER SGAW KAREN SHA
ळ,4,U+0933,DEVANAGARI LETTER LLA
ং,4,U+0982,BENGALI SIGN ANUSVARA
ನ,4,U+0CA8,KANNADA LETTER NA
ಕ,4,U+0C95,KANNADA LETTER KA
ங,4,U+0B99,TAMIL LETTER NGA
ல,4,U+0BB2,TAMIL LETTER LA
δ,4,U+03B4,GREEK SMALL LETTER DELTA
ღ,4,U+10E6,GEORGIAN LETTER GHAN
Σ,4,U+03A3,GREEK CAPITAL LETTER SIGMA
Š,4,U+0160,LATIN CAPITAL LETTER S WITH CARON
ج,4,U+062C,ARABIC LETTER JEEM
ة,4,U+0629,ARABIC LETTER TEH MARBUTA
್,4,U+0CCD,KANNADA SIGN VIRAMA
দ,4,U+09A6,BENGALI LETTER DA
।,4,U+0964,DEVANAGARI DANDA
ႃ,4,U+1083,MYANMAR VOWEL SIGN SHAN AA
ա,4,U+0561,ARMENIAN SMALL LETTER AYB
ł,4,U+0142,LATIN SMALL LETTER L WITH STROKE
ম,4,U+09AE,BENGALI LETTER MA
ན,4,U+0F53,TIBETAN LETTER NA
ව,4,U+0DC0,SINHALA LETTER VAYANNA
ක,4,U+0D9A,SINHALA LETTER ALPAPRAANA KAYANNA
υ,4,U+03C5,GREEK SMALL LETTER UPSILON
ώ,4,U+03CE,GREEK SMALL LETTER OMEGA WITH TONOS
ള,4,U+0D33,MALAYALAM LETTER LLA
ත,4,U+0DAD,SINHALA LETTER ALPAPRAANA TAYANNA
😊,3,U+1F60A,SMILING FACE WITH SMILING EYES
😓,3,U+1F613,FACE WITH COLD SWEAT
😏,3,U+1F60F,SMIRKING FACE
🔷,3,U+1F537,LARGE BLUE DIAMOND
🙂,3,U+1F642,SLIGHTLY SMILING FACE
ၹ,3,U+1079,MYANMAR LETTER SHAN ZA
པ,3,U+0F54,TIBETAN LETTER PA
ག,3,U+0F42,TIBETAN LETTER GA
མ,3,U+0F58,TIBETAN LETTER MA
ེ,3,U+0F7A,TIBETAN VOWEL SIGN E
ю,3,U+044E,CYRILLIC SMALL LETTER YU
Χ,3,U+03A7,GREEK CAPITAL LETTER CHI
ׁ,3,U+05C1,HEBREW POINT SHIN DOT
ई,3,U+0908,DEVANAGARI LETTER II
Ñ,3,U+00D1,LATIN CAPITAL LETTER N WITH TILDE
ढ,3,U+0922,DEVANAGARI LETTER DDHA
আ,3,U+0986,BENGALI LETTER AA
ч,3,U+0447,CYRILLIC SMALL LETTER CHE
๊,3,U+0E4A,THAI CHARACTER MAI TRI
ן,3,U+05DF,HEBREW LETTER FINAL NUN
ෑ,3,U+0DD1,SINHALA VOWEL SIGN DIGA AEDA-PILLA
Ε,3,U+0395,GREEK CAPITAL LETTER EPSILON
ट,3,U+091F,DEVANAGARI LETTER TTA
వ,3,U+0C35,TELUGU LETTER VA
ి,3,U+0C3F,TELUGU VOWEL SIGN I
ে,3,U+09C7,BENGALI VOWEL SIGN E
ತ,3,U+0CA4,KANNADA LETTER TA
ೆ,3,U+0CC6,KANNADA VOWEL SIGN E
ட,3,U+0B9F,TAMIL LETTER TTA
ಳ,3,U+0CB3,KANNADA LETTER LLA
ழ,3,U+0BB4,TAMIL LETTER LLLA
ವ,3,U+0CB5,KANNADA LETTER VA
ே,3,U+0BC7,TAMIL VOWEL SIGN EE
ಬ,3,U+0CAC,KANNADA LETTER BA
̥,3,U+0325,COMBINING RING BELOW
ע,3,U+05E2,HEBREW LETTER AYIN
گ,3,U+06AF,ARABIC LETTER GAF
ണ,3,U+0D23,MALAYALAM LETTER NNA
ി,3,U+0D3F,MALAYALAM VOWEL SIGN I
പ,3,U+0D2A,MALAYALAM LETTER PA
ʻ,3,U+02BB,MODIFIER LETTER TURNED COMMA
أ,3,U+0623,ARABIC LETTER ALEF WITH HAMZA ABOVE
ع,3,U+0639,ARABIC LETTER AIN
ର,3,U+0B30,ORIYA LETTER RA
է,3,U+0567,ARMENIAN SMALL LETTER EH
œ,3,U+0153,LATIN SMALL LIGATURE OE
¦,3,U+00A6,BROKEN BAR
ְ,3,U+05B0,HEBREW POINT SHEVA
ė,3,U+0117,LATIN SMALL LETTER E WITH DOT ABOVE
خ,3,U+062E,ARABIC LETTER KHAH
ِ,3,U+0650,ARABIC KASRA
َ,3,U+064E,ARABIC FATHA
©,3,U+00A9,COPYRIGHT SIGN
ֵ,3,U+05B5,HEBREW POINT TSERE
ʑ,3,U+0291,LATIN SMALL LETTER Z WITH CURL
ა,3,U+10D0,GEORGIAN LETTER AN
Ü,3,U+00DC,LATIN CAPITAL LETTER U WITH DIAERESIS
ş,3,U+015F,LATIN SMALL LETTER S WITH CEDILLA
ר,3,U+05E8,HEBREW LETTER RESH
ɕ,3,U+0255,LATIN SMALL LETTER C WITH CURL
ງ,3,U+0E87,LAO LETTER NGO
ধ,3,U+09A7,BENGALI LETTER DHA
জ,3,U+099C,BENGALI LETTER JA
ི,3,U+0F72,TIBETAN VOWEL SIGN I
Б,3,U+0411,CYRILLIC CAPITAL LETTER BE
х,3,U+0445,CYRILLIC SMALL LETTER HA
ବ,3,U+0B2C,ORIYA LETTER BA
మ,3,U+0C2E,TELUGU LETTER MA
ై,3,U+0C48,TELUGU VOWEL SIGN AI
བ,3,U+0F56,TIBETAN LETTER BA
།,3,U+0F0D,TIBETAN MARK SHAD
ठ,3,U+0920,DEVANAGARI LETTER TTHA
ৈ,3,U+09C8,BENGALI VOWEL SIGN AI
û,3,U+00FB,LATIN SMALL LETTER U WITH CIRCUMFLEX
ъ,3,U+044A,CYRILLIC SMALL LETTER HARD SIGN
Ó,3,U+00D3,LATIN CAPITAL LETTER O WITH ACUTE
̏,3,U+030F,COMBINING DOUBLE GRAVE ACCENT
«,3,U+00AB,LEFT-POINTING DOUBLE ANGLE QUOTATION MARK
ئ,3,U+0626,ARABIC LETTER YEH WITH HAMZA ABOVE
ਸ,3,U+0A38,GURMUKHI LETTER SA
ਿ,3,U+0A3F,GURMUKHI VOWEL SIGN I
ਮ,3,U+0A2E,GURMUKHI LETTER MA
ද,3,U+0DAF,SINHALA LETTER ALPAPRAANA DAYANNA
ි,3,U+0DD2,SINHALA VOWEL SIGN KETTI IS-PILLA
ා,3,U+0DCF,SINHALA VOWEL SIGN AELA-PILLA
ư,3,U+01B0,LATIN SMALL LETTER U WITH HORN
ʾ,3,U+02BE,MODIFIER LETTER RIGHT HALF RING
ء,3,U+0621,ARABIC LETTER HAMZA
💑,2,U+1F491,COUPLE WITH HEART
✊,2,U+270A,RAISED FIST
⚠,2,U+26A0,WARNING SIGN
🚩,2,U+1F6A9,TRIANGULAR FLAG ON POST
🧑,2,U+1F9D1,ADULT
🥴,2,U+1F974,FACE WITH UNEVEN EYES AND WAVY MOUTH
💖,2,U+1F496,SPARKLING HEART
か,2,U+304B,HIRAGANA LETTER KA
❓,2,U+2753,BLACK QUESTION MARK ORNAMENT
ὴ,2,U+1F74,GREEK SMALL LETTER ETA WITH VARIA
📖,2,U+1F4D6,OPEN BOOK
¾,2,U+00BE,VULGAR FRACTION THREE QUARTERS
႟,2,U+109F,MYANMAR SYMBOL SHAN EXCLAMATION
ၷ,2,U+1077,MYANMAR LETTER SHAN GA
ၨ,2,U+1068,MYANMAR VOWEL SIGN WESTERN PWO KAREN UE
ञ,2,U+091E,DEVANAGARI LETTER NYA
ौ,2,U+094C,DEVANAGARI VOWEL SIGN AU
̩,2,U+0329,COMBINING VERTICAL LINE BELOW
হ,2,U+09B9,BENGALI LETTER HA
ষ,2,U+09B7,BENGALI LETTER SSA
়,2,U+09BC,BENGALI SIGN NUKTA
ב,2,U+05D1,HEBREW LETTER BET
ת,2,U+05EA,HEBREW LETTER TAV
ႀ,2,U+1080,MYANMAR LETTER SHAN THA
ၺ,2,U+107A,MYANMAR LETTER SHAN NYA
ၻ,2,U+107B,MYANMAR LETTER SHAN DA
ၴ,2,U+1074,MYANMAR VOWEL SIGN KAYAH EE
Β,2,U+0392,GREEK CAPITAL LETTER BETA
ದ,2,U+0CA6,KANNADA LETTER DA
ூ,2,U+0BC2,TAMIL VOWEL SIGN UU
గ,2,U+0C17,TELUGU LETTER GA
ం,2,U+0C02,TELUGU SIGN ANUSVARA
ன,2,U+0BA9,TAMIL LETTER NNNA
ಯ,2,U+0CAF,KANNADA LETTER YA
அ,2,U+0B85,TAMIL LETTER A
ய,2,U+0BAF,TAMIL LETTER YA
ೇ,2,U+0CC7,KANNADA VOWEL SIGN EE
फ,2,U+092B,DEVANAGARI LETTER PHA
ຣ,2,U+0EA3,LAO LETTER LO LING
А,2,U+0410,CYRILLIC CAPITAL LETTER A
ж,2,U+0436,CYRILLIC SMALL LETTER ZHE
റ,2,U+0D31,MALAYALAM LETTER RRA
ํ,2,U+0E4D,THAI CHARACTER NIKHAHIT
ف,2,U+0641,ARABIC LETTER FEH
ક,2,U+0A95,GUJARATI LETTER KA
ર,2,U+0AB0,GUJARATI LETTER RA
ત,2,U+0AA4,GUJARATI LETTER TA
କ,2,U+0B15,ORIYA LETTER KA
ତ,2,U+0B24,ORIYA LETTER TA
ି,2,U+0B3F,ORIYA VOWEL SIGN I
క,2,U+0C15,TELUGU LETTER KA
త,2,U+0C24,TELUGU LETTER TA
۹,2,U+06F9,EXTENDED ARABIC-INDIC DIGIT NINE
ႈ,2,U+1088,MYANMAR SIGN SHAN TONE-3
ɹ,2,U+0279,LATIN SMALL LETTER TURNED R
ლ,2,U+10DA,GEORGIAN LETTER LAS
ङ,2,U+0919,DEVANAGARI LETTER NGA
Ž,2,U+017D,LATIN CAPITAL LETTER Z WITH CARON
ž,2,U+017E,LATIN SMALL LETTER Z WITH CARON
Н,2,U+041D,CYRILLIC CAPITAL LETTER EN
щ,2,U+0449,CYRILLIC SMALL LETTER SHCHA
ɓ,2,U+0253,LATIN SMALL LETTER B WITH HOOK
ɗ,2,U+0257,LATIN SMALL LETTER D WITH HOOK
ն,2,U+0576,ARMENIAN SMALL LETTER NOW
ס,2,U+05E1,HEBREW LETTER SAMEKH
Π,2,U+03A0,GREEK CAPITAL LETTER PI
İ,2,U+0130,LATIN CAPITAL LETTER I WITH DOT ABOVE
ী,2,U+09C0,BENGALI VOWEL SIGN II
প,2,U+09AA,BENGALI LETTER PA
ূ,2,U+09C2,BENGALI VOWEL SIGN UU
য,2,U+09AF,BENGALI LETTER YA
ུ,2,U+0F74,TIBETAN VOWEL SIGN U
ཆ,2,U+0F46,TIBETAN LETTER CHA
ສ,2,U+0EAA,LAO LETTER SO SUNG
ະ,2,U+0EB0,LAO VOWEL SIGN A
ш,2,U+0448,CYRILLIC SMALL LETTER SHA
э,2,U+044D,CYRILLIC SMALL LETTER E
ଦ,2,U+0B26,ORIYA LETTER DA
ଣ,2,U+0B23,ORIYA LETTER NNA
ෙ,2,U+0DD9,SINHALA VOWEL SIGN KOMBUVA
ు,2,U+0C41,TELUGU VOWEL SIGN U
ప,2,U+0C2A,TELUGU LETTER PA
ౌ,2,U+0C4C,TELUGU VOWEL SIGN AU
ణ,2,U+0C23,TELUGU LETTER NNA
శ,2,U+0C36,TELUGU LETTER SHA
ఖ,2,U+0C16,TELUGU LETTER KHA
ز,2,U+0632,ARABIC LETTER ZAIN
ד,2,U+05D3,HEBREW LETTER DALET
ঠ,2,U+09A0,BENGALI LETTER TTHA
ဪ,2,U+102A,MYANMAR LETTER AU
ພ,2,U+0E9E,LAO LETTER PHO TAM
ທ,2,U+0E97,LAO LETTER THO TAM
ດ,2,U+0E94,LAO LETTER DO
ຫ,2,U+0EAB,LAO LETTER HO SUNG
ຼ,2,U+0EBC,LAO SEMIVOWEL SIGN LO
ਤ,2,U+0A24,GURMUKHI LETTER TA
চ,2,U+099A,BENGALI LETTER CA
ೈ,2,U+0CC8,KANNADA VOWEL SIGN AI
ß,2,U+00DF,LATIN SMALL LETTER SHARP S
Þ,2,U+00DE,LATIN CAPITAL LETTER THORN
̋,2,U+030B,COMBINING DOUBLE ACUTE ACCENT
ລ,2,U+0EA5,LAO LETTER LO LOOT
႓,2,U+1093,MYANMAR SHAN DIGIT THREE
ੱ,2,U+0A71,GURMUKHI ADDAK
ਖ,2,U+0A16,GURMUKHI LETTER KHA
ਰ,2,U+0A30,GURMUKHI LETTER RA
න,2,U+0DB1,SINHALA LETTER DANTAJA NAYANNA
ු,2,U+0DD4,SINHALA VOWEL SIGN KETTI PAA-PILLA
බ,2,U+0DB6,SINHALA LETTER ALPAPRAANA BAYANNA
¹,2,U+00B9,SUPERSCRIPT ONE
ơ,2,U+01A1,LATIN SMALL LETTER O WITH HORN
ě,2,U+011B,LATIN SMALL LETTER E WITH CARON
ح,2,U+062D,ARABIC LETTER HAH
ട,2,U+0D1F,MALAYALAM LETTER TTA
വ,2,U+0D35,MALAYALAM LETTER VA
െ,2,U+0D46,MALAYALAM VOWEL SIGN E
µ,2,U+00B5,MICRO SIGN
ཀ,2,U+0F40,TIBETAN LETTER KA
ɖ,2,U+0256,LATIN SMALL LETTER D WITH TAIL
ξ,2,U+03BE,GREEK SMALL LETTER XI
ර,2,U+0DBB,SINHALA LETTER RAYANNA
Í,2,U+00CD,LATIN CAPITAL LETTER I WITH ACUTE
ψ,2,U+03C8,GREEK SMALL LETTER PSI
ި,2,U+07A8,THAANA IBIFILI
ެ,2,U+07AC,THAANA EBEFILI
ʄ,2,U+0284,LATIN SMALL LETTER DOTLESS J WITH STROKE AND HOOK
ෝ,2,U+0DDD,SINHALA VOWEL SIGN KOMBUVA HAA DIGA AELA-PILLA
අ,2,U+0D85,SINHALA LETTER AYANNA
👩,1,U+1F469,WOMAN
👨,1,U+1F468,MAN
🤱,1,U+1F931,BREAST-FEEDING
🕵,1,U+1F575,SLEUTH OR SPY
🫤,1,U+1FAE4,FACE WITH DIAGONAL MOUTH
💯,1,U+1F4AF,HUNDRED POINTS SYMBOL
🚶,1,U+1F6B6,PEDESTRIAN
🤙,1,U+1F919,CALL ME HAND
😭,1,U+1F62D,LOUDLY CRYING FACE
🐸,1,U+1F438,FROG FACE
🦂,1,U+1F982,SCORPION
🍺,1,U+1F37A,BEER MUG
💤,1,U+1F4A4,SLEEPING SYMBOL
😁,1,U+1F601,GRINNING FACE WITH SMILING EYES
😌,1,U+1F60C,RELIEVED FACE
🟦,1,U+1F7E6,LARGE BLUE SQUARE
🍏,1,U+1F34F,GREEN APPLE
🍊,1,U+1F34A,TANGERINE
🍑,1,U+1F351,PEACH
🍍,1,U+1F34D,PINEAPPLE
🥭,1,U+1F96D,MANGO
🍎,1,U+1F34E,RED APPLE
🎉,1,U+1F389,PARTY POPPER
ど,1,U+3069,HIRAGANA LETTER DO
ち,1,U+3061,HIRAGANA LETTER TI
ら,1,U+3089,HIRAGANA LETTER RA
来,1,U+6765,CJK UNIFIED IDEOGRAPH-6765
ま,1,U+307E,HIRAGANA LETTER MA
し,1,U+3057,HIRAGANA LETTER SI
た,1,U+305F,HIRAGANA LETTER TA
🫡,1,U+1FAE1,SALUTING FACE
Τ,1,U+03A4,GREEK CAPITAL LETTER TAU
ƒ,1,U+0192,LATIN SMALL LETTER F WITH HOOK
႒,1,U+1092,MYANMAR SHAN DIGIT TWO
उ,1,U+0909,DEVANAGARI LETTER U
ʌ,1,U+028C,LATIN SMALL LETTER TURNED V
უ,1,U+10E3,GEORGIAN LETTER UN
ნ,1,U+10DC,GEORGIAN LETTER NAR
آ,1,U+0622,ARABIC LETTER ALEF WITH MADDA ABOVE
Қ,1,U+049A,CYRILLIC CAPITAL LETTER KA WITH DESCENDER
қ,1,U+049B,CYRILLIC SMALL LETTER KA WITH DESCENDER
న,1,U+0C28,TELUGU LETTER NA
़,1,U+093C,DEVANAGARI SIGN NUKTA
ৰ,1,U+09F0,BENGALI LETTER RA WITH MIDDLE DIAGONAL
ଆ,1,U+0B06,ORIYA LETTER AA
ଷ,1,U+0B37,ORIYA LETTER SSA
ଢ,1,U+0B22,ORIYA LETTER DDHA
ঢ,1,U+09A2,BENGALI LETTER DDHA
३,1,U+0969,DEVANAGARI DIGIT THREE
ק,1,U+05E7,HEBREW LETTER QOF
؟,1,U+061F,ARABIC QUESTION MARK
ʿ,1,U+02BF,MODIFIER LETTER LEFT HALF RING
ٹ,1,U+0679,ARABIC LETTER TTEH
پ,1,U+067E,ARABIC LETTER PEH
ħ,1,U+0127,LATIN SMALL LETTER H WITH STROKE
Ħ,1,U+0126,LATIN CAPITAL LETTER H WITH STROKE
ၳ,1,U+1073,MYANMAR VOWEL SIGN KAYAH U
ၰ,1,U+1070,MYANMAR LETTER EASTERN PWO KAREN GHWA
ʲ,1,U+02B2,MODIFIER LETTER SMALL J
კ,1,U+10D9,GEORGIAN LETTER KAN
ಆ,1,U+0C86,KANNADA LETTER AA
ಲ,1,U+0CB2,KANNADA LETTER LA
ঝ,1,U+099D,BENGALI LETTER JHA
উ,1,U+0989,BENGALI LETTER U
ெ,1,U+0BC6,TAMIL VOWEL SIGN E
ಂ,1,U+0C82,KANNADA SIGN ANUSVARA
ಗ,1,U+0C97,KANNADA LETTER GA
ಅ,1,U+0C85,KANNADA LETTER A
இ,1,U+0B87,TAMIL LETTER I
๗,1,U+0E57,THAI DIGIT SEVEN
ش,1,U+0634,ARABIC LETTER SHEEN
ക,1,U+0D15,MALAYALAM LETTER KA
യ,1,U+0D2F,MALAYALAM LETTER YA
ൂ,1,U+0D42,MALAYALAM VOWEL SIGN UU
സ,1,U+0D38,MALAYALAM LETTER SA
ા,1,U+0ABE,GUJARATI VOWEL SIGN AA
ీ,1,U+0C40,TELUGU VOWEL SIGN II
Œ,1,U+0152,LATIN CAPITAL LIGATURE OE
О,1,U+041E,CYRILLIC CAPITAL LETTER O
З,1,U+0417,CYRILLIC CAPITAL LETTER ZE
¸,1,U+00B8,CEDILLA
ஞ,1,U+0B9E,TAMIL LETTER NYA
̂,1,U+0302,COMBINING CIRCUMFLEX ACCENT
ႄ,1,U+1084,MYANMAR VOWEL SIGN SHAN E
ֱ,1,U+05B1,HEBREW POINT HATAF SEGOL
כ,1,U+05DB,HEBREW LETTER KAF
ֹ,1,U+05B9,HEBREW POINT HOLAM
ث,1,U+062B,ARABIC LETTER THEH
ো,1,U+09CB,BENGALI VOWEL SIGN O
ঙ,1,U+0999,BENGALI LETTER NGA
গ,1,U+0997,BENGALI LETTER GA
̤,1,U+0324,COMBINING DIAERESIS BELOW
ს,1,U+10E1,GEORGIAN LETTER SAN
ქ,1,U+10E5,GEORGIAN LETTER KHAR
რ,1,U+10E0,GEORGIAN LETTER RAE
თ,1,U+10D7,GEORGIAN LETTER TAN
ვ,1,U+10D5,GEORGIAN LETTER VIN
ე,1,U+10D4,GEORGIAN LETTER EN
ო,1,U+10DD,GEORGIAN LETTER ON
Ū,1,U+016A,LATIN CAPITAL LETTER U WITH MACRON
Č,1,U+010C,LATIN CAPITAL LETTER C WITH CARON
Հ,1,U+0540,ARMENIAN CAPITAL LETTER HO
յ,1,U+0575,ARMENIAN SMALL LETTER YI
ս,1,U+057D,ARMENIAN SMALL LETTER SEH
տ,1,U+057F,ARMENIAN SMALL LETTER TIWN
Î,1,U+00CE,LATIN CAPITAL LETTER I WITH CIRCUMFLEX
ֶ,1,U+05B6,HEBREW POINT SEGOL
Ē,1,U+0112,LATIN CAPITAL LETTER E WITH MACRON
ভ,1,U+09AD,BENGALI LETTER BHA
ຽ,1,U+0EBD,LAO SEMIVOWEL SIGN NYO
ຈ,1,U+0E88,LAO LETTER CO
ັ,1,U+0EB1,LAO VOWEL SIGN MAI KAN
ນ,1,U+0E99,LAO LETTER NO
¿,1,U+00BF,INVERTED QUESTION MARK
ྟ,1,U+0F9F,TIBETAN SUBJOINED LETTER TA
༥,1,U+0F25,TIBETAN DIGIT FIVE
ཛ,1,U+0F5B,TIBETAN LETTER DZA
ು,1,U+0CC1,KANNADA VOWEL SIGN U
ಧ,1,U+0CA7,KANNADA LETTER DHA
ಪ,1,U+0CAA,KANNADA LETTER PA
ೌ,1,U+0CCC,KANNADA VOWEL SIGN AU
ಣ,1,U+0CA3,KANNADA LETTER NNA
ິ,1,U+0EB4,LAO VOWEL SIGN I
ຂ,1,U+0E82,LAO LETTER KHO SUNG
ບ,1,U+0E9A,LAO LETTER BO
ູ,1,U+0EB9,LAO VOWEL SIGN UU
ຊ,1,U+0E8A,LAO LETTER SO TAM
И,1,U+0418,CYRILLIC CAPITAL LETTER I
ү,1,U+04AF,CYRILLIC SMALL LETTER STRAIGHT U
Ө,1,U+04E8,CYRILLIC CAPITAL LETTER BARRED O
ө,1,U+04E9,CYRILLIC SMALL LETTER BARRED O
ୁ,1,U+0B41,ORIYA VOWEL SIGN U
ଧ,1,U+0B27,ORIYA LETTER DHA
ପ,1,U+0B2A,ORIYA LETTER PA
ୂ,1,U+0B42,ORIYA VOWEL SIGN UU
ମ,1,U+0B2E,ORIYA LETTER MA
ந,1,U+0BA8,TAMIL LETTER NA
ள,1,U+0BB3,TAMIL LETTER LLA
బ,1,U+0C2C,TELUGU LETTER BA
ద,1,U+0C26,TELUGU LETTER DA
ధ,1,U+0C27,TELUGU LETTER DHA
ཟ,1,U+0F5F,TIBETAN LETTER ZA
ླ,1,U+0FB3,TIBETAN SUBJOINED LETTER LA
ґ,1,U+0491,CYRILLIC SMALL LETTER GHE WITH UPTURN
є,1,U+0454,CYRILLIC SMALL LETTER UKRAINIAN IE
і,1,U+0456,CYRILLIC SMALL LETTER BYELORUSSIAN-UKRAINIAN I
ї,1,U+0457,CYRILLIC SMALL LETTER YI
Â,1,U+00C2,LATIN CAPITAL LETTER A WITH CIRCUMFLEX
Ê,1,U+00CA,LATIN CAPITAL LETTER E WITH CIRCUMFLEX
ض,1,U+0636,ARABIC LETTER DAD
Δ,1,U+0394,GREEK CAPITAL LETTER DELTA
ם,1,U+05DD,HEBREW LETTER FINAL MEM
ţ,1,U+0163,LATIN SMALL LETTER T WITH CEDILLA
Х,1,U+0425,CYRILLIC CAPITAL LETTER HA
ɜ,1,U+025C,LATIN SMALL LETTER REVERSED OPEN E
Ν,1,U+039D,GREEK CAPITAL LETTER NU
ચ,1,U+0A9A,GUJARATI LETTER CA
ૈ,1,U+0AC8,GUJARATI VOWEL SIGN AI
્,1,U+0ACD,GUJARATI SIGN VIRAMA
ਚ,1,U+0A1A,GURMUKHI LETTER CA
ੇ,1,U+0A47,GURMUKHI VOWEL SIGN EE
ಚ,1,U+0C9A,KANNADA LETTER CA
చ,1,U+0C1A,TELUGU LETTER CA
ൈ,1,U+0D48,MALAYALAM VOWEL SIGN AI
ര,1,U+0D30,MALAYALAM LETTER RA
ം,1,U+0D02,MALAYALAM SIGN ANUSVARA
ζ,1,U+03B6,GREEK SMALL LETTER ZETA
ё,1,U+0451,CYRILLIC SMALL LETTER IO
২,1,U+09E8,BENGALI DIGIT TWO
১,1,U+09E7,BENGALI DIGIT ONE
ಶ,1,U+0CB6,KANNADA LETTER SHA
ಖ,1,U+0C96,KANNADA LETTER KHA
খ,1,U+0996,BENGALI LETTER KHA
ୈ,1,U+0B48,ORIYA VOWEL SIGN AI
ଶ,1,U+0B36,ORIYA LETTER SHA
ଖ,1,U+0B16,ORIYA LETTER KHA
Ł,1,U+0141,LATIN CAPITAL LETTER L WITH STROKE
¥,1,U+00A5,YEN SIGN
ႂ,1,U+1082,MYANMAR CONSONANT SIGN SHAN MEDIAL WA
স,1,U+09B8,BENGALI LETTER SA
ੀ,1,U+0A40,GURMUKHI VOWEL SIGN II
ੂ,1,U+0A42,GURMUKHI VOWEL SIGN UU
ਲ,1,U+0A32,GURMUKHI LETTER LA
ੰ,1,U+0A70,GURMUKHI TIPPI
ੴ,1,U+0A74,GURMUKHI EK ONKAR
ਨ,1,U+0A28,GURMUKHI LETTER NA
ය,1,U+0DBA,SINHALA LETTER YAYANNA
ཱ,1,U+0F71,TIBETAN VOWEL SIGN AA
😂,1,U+1F602,FACE WITH TEARS OF JOY
२,1,U+0968,DEVANAGARI DIGIT TWO
۔,1,U+06D4,ARABIC FULL STOP
👍,1,U+1F44D,THUMBS UP SIGN
³,1,U+00B3,SUPERSCRIPT THREE
ք,1,U+0584,ARMENIAN SMALL LETTER KEH
ک,1,U+06A9,ARABIC LETTER KEHEH
ၣ,1,U+1063,MYANMAR TONE MARK SGAW KAREN HATHI
Ż,1,U+017B,LATIN CAPITAL LETTER Z WITH DOT ABOVE
Ä,1,U+00C4,LATIN CAPITAL LETTER A WITH DIAERESIS
̟,1,U+031F,COMBINING PLUS SIGN BELOW
ɨ,1,U+0268,LATIN SMALL LETTER I WITH STROKE
̚,1,U+031A,COMBINING LEFT ANGLE ABOVE
˦,1,U+02E6,MODIFIER LETTER HIGH TONE BAR
˥,1,U+02E5,MODIFIER LETTER EXTRA-HIGH TONE BAR
ʏ,1,U+028F,LATIN LETTER SMALL CAPITAL Y
ƭ,1,U+01AD,LATIN SMALL LETTER T WITH HOOK
ġ,1,U+0121,LATIN SMALL LETTER G WITH DOT ABOVE
ഷ,1,U+0D37,MALAYALAM LETTER SSA
ല,1,U+0D32,MALAYALAM LETTER LA
ਣ,1,U+0A23,GURMUKHI LETTER NNA
ە,1,U+06D5,ARABIC LETTER AE
Ά,1,U+0386,GREEK CAPITAL LETTER ALPHA WITH TONOS
ྲ,1,U+0FB2,TIBETAN SUBJOINED LETTER RA
ཤ,1,U+0F64,TIBETAN LETTER SHA
ྱ,1,U+0FB1,TIBETAN SUBJOINED LETTER YA
ར,1,U+0F62,TIBETAN LETTER RA
ũ,1,U+0169,LATIN SMALL LETTER U WITH TILDE
۳,1,U+06F3,EXTENDED ARABIC-INDIC DIGIT THREE
ׂ,1,U+05C2,HEBREW POINT SIN DOT
ْ,1,U+0652,ARABIC SUKUN
ő,1,U+0151,LATIN SMALL LETTER O WITH DOUBLE ACUTE
ɬ,1,U+026C,LATIN SMALL LETTER L WITH BELT
ၪ,1,U+106A,MYANMAR SIGN WESTERN PWO KAREN TONE-2
ၓ,1,U+1053,MYANMAR LETTER VOCALIC RR
ଭ,1,U+0B2D,ORIYA LETTER BHA
ż,1,U+017C,LATIN SMALL LETTER Z WITH DOT ABOVE
ƿ,1,U+01BF,LATIN LETTER WYNN
þ,1,U+00FE,LATIN SMALL LETTER THORN
ၶ,1,U+1076,MYANMAR LETTER SHAN KHA
ၽ,1,U+107D,MYANMAR LETTER SHAN PHA
ދ,1,U+078B,THAANA LETTER DHAALU
ވ,1,U+0788,THAANA LETTER VAAVU
ހ,1,U+0780,THAANA LETTER HAA
ރ,1,U+0783,THAANA LETTER RAA
ާ,1,U+07A7,THAANA AABAAFILI
އ,1,U+0787,THAANA LETTER ALIFU
ް,1,U+07B0,THAANA SUKUN
ޖ,1,U+0796,THAANA LETTER JAVIYANI
ʷ,1,U+02B7,MODIFIER LETTER SMALL W
ș,1,U+0219,LATIN SMALL LETTER S WITH COMMA BELOW
ඕ,1,U+0D95,SINHALA LETTER OOYANNA
හ,1,U+0DC4,SINHALA LETTER HAYANNA
ධ,1,U+0DB0,SINHALA LETTER MAHAAPRAANA DAYANNA
ɣ,1,U+0263,LATIN SMALL LETTER GAMMA
؛,1,U+061B,ARABIC SEMICOLON
