page,verdict,source,noise_lines,chars,symbols,mixed,digits,latin,garble,lines
1,empty,first read,0,34,0.0,0.0,0.0882,0.4412,9.0909,5
2,empty,first read,0,16,0.0,0.0,0.0,0.0,0.0,2
3,keep,first read,0,442,0.0023,0.0769,0.0724,0.0136,1.182,13
4,keep,first read,0,860,0.0035,0.0,0.0314,0.0047,2.6731,21
5,keep,first read,0,381,0.0,0.0,0.0499,0.0,0.0,11
6,keep,first read,0,204,0.0098,0.0,0.0,0.0,1.99,6
7,garbled,first read,0,350,0.0,0.0,0.0,0.0,7.4286,7
8,empty,first read,0,52,0.0,0.0,0.0192,0.0,7.6923,5
9,garbled,first read,0,446,0.0022,0.0833,0.0045,0.0157,6.2791,12
10,garbled,first read,0,169,0.0,0.0,0.0,0.0118,12.8049,6
11,garbled,first read,0,118,0.0,0.0,0.0085,0.0,7.1429,7
12,garbled,first read,0,198,0.0,0.1,0.0101,0.0051,5.7292,10
13,keep,first read,0,359,0.0028,0.0,0.0,0.0111,1.1461,15
14,keep,first read,0,154,0.0,0.0,0.0065,0.0065,0.6849,11
15,keep,first read,1,228,0.0,0.0,0.0263,0.0,0.885,15
16,garbled,first read,0,343,0.0029,0.0,0.0,0.0,3.012,13
17,keep,first read,1,166,0.0,0.0,0.0301,0.0301,0.0,12
18,empty,first read,0,73,0.0,0.0,0.0,0.0,0.0,3
19,keep,first read,0,781,0.0013,0.0,0.0,0.0013,2.7097,9
20,keep,first read,0,1652,0.0006,0.0,0.0,0.0,0.1214,21
21,keep,first read,0,1893,0.0005,0.0,0.0053,0.0,1.2719,28
22,keep,first read,0,816,0.0025,0.0625,0.0,0.0025,0.8696,16
23,empty,first read,0,96,0.0,0.0,0.0,0.0,8.4211,2
24,keep,first read,0,1357,0.0,0.0,0.0,0.0007,0.223,19
25,empty,first read,0,7,0.0,0.0,0.0,0.0,0.0,1
26,keep,first read,0,1323,0.0,0.0,0.0008,0.0023,0.4552,20
27,empty,first read,0,98,0.0,0.0,0.0,0.0,2.0619,3
28,empty,first read,0,1,0.0,0.0,0.0,0.0,0.0,1
29,keep,first read,0,751,0.0,0.0769,0.0053,0.0559,0.1437,13
30,keep,first read,1,212,0.0,0.0,0.0142,0.0,0.4762,8
31,keep,first read,0,1695,0.0006,0.0,0.0,0.0,0.5316,21
32,keep,first read,0,1285,0.0,0.0,0.0023,0.0117,0.0,15
33,garbled,first read,0,952,0.0,0.0,0.0,0.0,4.4164,11
34,keep,first read,0,1812,0.0011,0.0,0.0011,0.0193,1.5263,26
35,empty,first read,0,20,0.0,0.0,0.15,0.05,0.0,2
36,keep,first read,0,1603,0.0006,0.0769,0.0006,0.0231,0.7702,26
37,empty,first read,0,10,0.0,0.0,0.0,0.0,0.0,1
38,keep,first read,0,871,0.0,0.0,0.0011,0.0,2.9851,12
39,keep,first read,0,961,0.0083,0.0,0.001,0.0062,0.5342,20
40,keep,first read,0,616,0.0016,0.0,0.0097,0.0016,0.0,13
41,keep,first read,0,1322,0.0008,0.0,0.0,0.0166,1.7733,17
42,keep,first read,0,1030,0.001,0.0,0.001,0.001,1.3632,18
43,empty,first read,0,15,0.0,0.5,0.0667,0.2667,0.0,2
44,keep,first read,0,740,0.0,0.0,0.0014,0.0,2.71,14
45,garbled,first read,0,377,0.0,0.0,0.0027,0.0,4.8,8
46,garbled,first read,0,342,0.0,0.0,0.0058,0.0,4.9708,5
47,keep,first read,0,836,0.0108,0.2308,0.0167,0.0861,2.4129,13
48,keep,first read,0,1157,0.0009,0.1053,0.013,0.032,0.9892,19
49,empty,first read,0,49,0.0,0.125,0.2449,0.0408,6.6667,8
50,keep,first read,0,706,0.0057,0.0714,0.0057,0.0269,0.4484,14
51,empty,first read,0,9,0.0,0.0,0.0,0.0,0.0,1
52,garbled,first read,0,944,0.0011,0.0,0.0085,0.0074,3.2223,13
53,empty,first read,0,0,0.0,0.0,0.0,0.0,0.0,0
54,keep,first read,0,1526,0.0,0.04,0.0138,0.0203,1.1448,25
55,keep,first read,1,660,0.0,0.1333,0.0106,0.0621,1.1551,15
56,garbled,first read,0,248,0.0,0.0,0.0121,0.0081,4.1152,5
57,empty,first read,0,13,0.0,0.0,0.0,0.0,0.0,2
58,keep,first read,0,3378,0.0009,0.0526,0.0003,0.0243,0.4276,38
59,keep,first read,0,262,0.0,0.0,0.0,0.0,1.9305,6
60,keep,first read,0,223,0.0,0.0,0.0045,0.0,1.3453,5
61,keep,first read,0,3344,0.0003,0.0,0.0,0.0114,0.3353,37
62,keep,first read,0,3148,0.0,0.0,0.0003,0.0054,0.7355,35
63,empty,first read,0,7,0.0,0.0,0.1429,0.0,0.0,1
64,empty,first read,0,2,0.0,0.0,0.0,0.0,0.0,1
65,keep,recovered,0,155,0.0,0.0,0.129,0.0,1.2903,5
66,keep,first read,1,2251,0.0076,0.0,0.0013,0.0004,1.4408,28
67,keep,first read,0,451,0.0133,0.0,0.0,0.02,1.1547,10
68,keep,first read,0,1044,0.0067,0.0,0.0019,0.0057,0.2927,19
69,keep,recovered,0,188,0.0,0.0,0.0,0.0,2.6596,4
70,keep,first read,0,853,0.0,0.0769,0.0199,0.0492,0.2519,13
71,keep,first read,0,1333,0.0,0.0,0.0038,0.0,1.5072,18
72,keep,first read,0,451,0.0,0.0,0.0177,0.0,0.0,7
73,empty,first read,0,48,0.0,0.0,0.0,0.0,10.4167,3
74,keep,first read,0,2377,0.0004,0.0,0.0109,0.0,0.4677,29
75,keep,first read,1,129,0.0,0.0,0.0,0.0,2.3438,6
76,keep,first read,0,728,0.0,0.0,0.0,0.0,0.1374,12
77,keep,first read,0,2696,0.0007,0.0,0.0052,0.0011,0.9353,30
78,empty,first read,0,25,0.0,0.0,0.0,0.0,0.0,2
79,keep,first read,0,2576,0.0004,0.0,0.0128,0.0008,0.3528,35
80,keep,first read,0,435,0.0,0.0,0.0069,0.0,2.331,10
81,empty,first read,0,10,0.0,0.0,0.0,0.0,12.5,2
82,keep,first read,0,2287,0.0013,0.0,0.0144,0.0057,0.5362,36
83,keep,first read,0,2089,0.0005,0.0,0.0,0.0057,1.3113,29
84,keep,first read,0,1749,0.0006,0.0,0.0029,0.008,0.5811,31
85,empty,first read,0,10,0.0,0.0,0.0,0.0,0.0,2
86,keep,first read,0,834,0.0012,0.0,0.0,0.0012,1.5644,11
87,keep,first read,0,1756,0.0,0.0,0.0,0.0006,1.4849,19
88,garbled,first read,0,163,0.0,0.0,0.0,0.0,6.7901,5
89,keep,recovered,0,126,0.0,0.0,0.1587,0.0,1.6129,6
90,keep,first read,0,269,0.0,0.0,0.0,0.0,2.2388,4
91,keep,recovered,0,237,0.0,0.0,0.0,0.0,2.5424,5
92,keep,first read,0,1716,0.0,0.0,0.0029,0.0,0.4676,30
93,keep,recovered,0,1268,0.0,0.0,0.0,0.0,0.7886,25
94,keep,first read,1,498,0.0,0.0,0.006,0.0,0.0,11
95,empty,first read,0,10,0.0,0.0,0.0,0.1,22.2222,2
96,garbled,first read,0,519,0.0443,0.0,0.0019,0.0,6.1475,7
97,empty,first read,0,9,0.0,0.0,0.0,0.0,0.0,2
98,keep,first read,0,1908,0.0005,0.0,0.0,0.0,1.2725,26
99,garbled,first read,0,116,0.0,0.0,0.0,0.0,3.4483,2
100,keep,first read,0,1252,0.012,0.0,0.0008,0.0008,2.2932,16
101,symbols,first read,0,201,0.0647,0.0,0.005,0.0,4.2553,5
102,keep,first read,0,2261,0.0071,0.0,0.0004,0.0013,1.1883,30
103,garbled,first read,0,313,0.0,0.0,0.0,0.0,5.7692,6
104,empty,first read,0,28,0.0,0.0,0.0,0.0,7.4074,1
105,empty,first read,0,5,0.0,0.0,0.0,0.0,0.0,1
106,garbled,first read,0,144,0.0,0.0,0.0069,0.0,9.1549,6
107,garbled,first read,0,310,0.0032,0.0,0.0129,0.0,4.2345,8
108,empty,first read,0,37,0.0,0.0,0.0,0.0,0.0,4
109,garbled,first read,0,309,0.0,0.0,0.0,0.0,3.9735,4
110,empty,first read,0,7,0.1429,0.0,0.4286,0.0,0.0,2
111,empty,first read,0,7,0.0,0.0,0.0,0.0,14.2857,2
112,garbled,first read,0,1366,0.0007,0.0,0.0066,0.0102,3.6787,17
113,garbled,first read,0,912,0.0011,0.0,0.0055,0.0362,4.2334,13
114,keep,first read,0,1559,0.0,0.0,0.0,0.0263,0.7942,23
115,keep,first read,0,1416,0.0014,0.0,0.0,0.0141,0.1449,20
116,keep,first read,0,1519,0.0,0.0,0.0007,0.0211,0.8766,28
117,keep,first read,0,157,0.0064,0.0,0.0446,0.0064,2.649,7
118,keep,first read,0,1549,0.0006,0.0,0.0026,0.0,2.2654,21
119,empty,first read,0,27,0.0,0.0,0.037,0.0,0.0,3
120,keep,first read,1,536,0.0,0.0526,0.0392,0.0093,0.1912,19
121,garbled,first read,0,190,0.0,0.0,0.0105,0.0,4.7368,4
122,garbled,first read,0,1111,0.0,0.0,0.0054,0.0009,4.3956,14
123,keep,first read,0,1193,0.0,0.0,0.0134,0.0,1.0444,24
124,garbled,first read,0,260,0.0,0.0,0.0077,0.0,5.4688,10
125,empty,first read,0,26,0.0,0.0,0.1923,0.0,0.0,6
126,empty,first read,0,13,0.0,0.0,0.0769,0.0,0.0,3
127,empty,first read,0,0,0.0,0.0,0.0,0.0,0.0,0
128,keep,first read,0,2314,0.0004,0.0,0.0004,0.0,1.4298,29
129,garbled,first read,0,393,0.0,0.0,0.0,0.0,7.6336,7
130,keep,first read,0,1681,0.0,0.0,0.0,0.0,0.0597,22
131,keep,first read,0,1266,0.0008,0.0,0.0,0.0,0.3978,22
132,garbled,first read,0,199,0.0,0.0,0.005,0.0,5.1546,7
133,keep,first read,0,1539,0.0,0.0,0.0,0.0,1.6458,32
134,keep,first read,1,1396,0.0,0.0909,0.0072,0.0265,0.9658,22
135,empty,first read,0,7,0.0,0.0,0.0,0.0,0.0,2
136,keep,first read,0,2006,0.0005,0.0,0.008,0.0334,0.3136,23
137,keep,first read,0,861,0.0012,0.0833,0.0,0.0813,0.6386,12
138,empty,first read,0,81,0.0,0.0,0.0,0.0,2.4691,3
139,garbled,first read,0,119,0.0,0.0,0.0,0.0,3.3898,2
140,empty,first read,0,71,0.0,0.0,0.0,0.0,4.2254,3
141,keep,first read,0,994,0.0,0.0,0.003,0.0,2.0202,19
142,empty,first read,0,1,0.0,0.0,0.0,0.0,0.0,1
143,empty,first read,0,0,0.0,0.0,0.0,0.0,0.0,0
144,garbled,first read,0,1329,0.0,0.0625,0.0068,0.0196,3.8014,16
145,keep,first read,0,929,0.0,0.0,0.0022,0.0022,1.9417,14
146,keep,first read,0,1079,0.0,0.0,0.0222,0.0056,0.8523,23
147,keep,first read,0,1162,0.0,0.0,0.0009,0.0034,1.9931,18
148,keep,first read,0,894,0.0,0.0,0.0045,0.0,0.2247,18
149,keep,first read,0,1170,0.0,0.0,0.0085,0.0009,0.5164,15
150,keep,first read,0,1538,0.0,0.0,0.0,0.0013,0.1305,21
151,keep,recovered,0,278,0.0,0.0,0.0036,0.0,2.8777,7
152,empty,first read,0,9,0.0,0.0,0.0,0.0,0.0,1
153,keep,first read,0,1397,0.0,0.0,0.0007,0.0007,2.0158,16
154,keep,first read,0,2405,0.0004,0.0,0.0033,0.0,0.9587,29
155,keep,first read,0,159,0.0,0.0,0.0,0.0,0.6289,6
156,keep,recovered,0,1568,0.0,0.0,0.0,0.0,0.9609,22
157,keep,recovered,0,521,0.0,0.0,0.0,0.0,0.1931,14
158,empty,first read,0,23,0.0,0.0,0.0435,0.0,0.0,2
159,empty,first read,0,23,0.0,0.0,0.087,0.0,0.0,4
160,keep,first read,0,1423,0.0098,0.0,0.0042,0.0035,1.6595,23
161,keep,first read,0,1361,0.0066,0.0,0.0007,0.0,2.6686,15
162,garbled,first read,0,286,0.0,0.0,0.0,0.0,9.4406,6
163,keep,first read,0,438,0.0,0.0,0.0,0.0023,0.2315,8
164,empty,first read,0,92,0.0,0.0,0.0,0.0,3.2609,5
165,garbled,first read,0,217,0.0,0.0,0.0046,0.0,5.53,6
166,empty,first read,0,86,0.0,0.0,0.0,0.0,1.1765,4
167,keep,first read,0,753,0.0,0.0625,0.0106,0.0053,0.6693,16
168,garbled,first read,0,243,0.0,0.0,0.0,0.0,10.2881,5
169,empty,first read,0,65,0.0,0.0,0.0,0.0,0.0,5
170,garbled,first read,0,307,0.0,0.0,0.0,0.0,6.5359,5
171,keep,first read,0,756,0.0,0.0,0.0053,0.0,0.5312,19
172,empty,first read,0,1,0.0,0.0,0.0,0.0,0.0,1
173,garbled,first read,0,409,0.0024,0.0,0.0024,0.0,6.1425,9
174,keep,first read,0,1326,0.0008,0.0,0.0121,0.0068,1.2987,20
175,empty,first read,0,90,0.0,0.1667,0.2667,0.1556,1.3699,12
176,empty,first read,0,14,0.0714,0.3333,0.1429,0.1429,0.0,3
177,empty,first read,0,0,0.0,0.0,0.0,0.0,0.0,0
178,keep,first read,0,413,0.0024,0.0,0.0,0.0,1.2315,8
179,garbled,first read,0,827,0.0024,0.0,0.0036,0.0,5.9756,12
180,keep,first read,0,1610,0.0031,0.0,0.0,0.0,0.3155,24
181,keep,first read,0,2741,0.0,0.0,0.0004,0.0,1.8716,30
182,keep,first read,0,1255,0.0,0.0,0.0,0.0,1.0586,16
183,keep,first read,0,1729,0.0,0.0,0.0,0.0012,0.0,22
184,keep,first read,0,2140,0.0014,0.0,0.0005,0.0,2.148,29
185,keep,recovered,0,1199,0.0008,0.0,0.0008,0.0008,1.2616,19
186,keep,first read,0,2029,0.0,0.0,0.0,0.0,0.4943,19
187,keep,first read,0,1770,0.0006,0.0476,0.0017,0.0226,2.1562,21
188,keep,first read,1,988,0.0304,0.0,0.003,0.0202,1.0776,16
189,keep,first read,0,2131,0.0,0.0,0.0019,0.0,2.8195,24
190,keep,first read,0,494,0.0,0.0,0.0,0.0,2.8398,9
191,empty,first read,0,0,0.0,0.0,0.0,0.0,0.0,0
192,keep,first read,0,408,0.0,0.0,0.0,0.0,2.9412,7
193,keep,first read,1,662,0.0151,0.0,0.0166,0.0015,2.7597,10
194,keep,first read,0,1338,0.0,0.0,0.0,0.0,0.15,19
195,garbled,first read,0,182,0.0,0.0,0.0,0.0,6.5934,6
196,keep,first read,0,3221,0.0,0.0,0.0,0.0003,0.1865,37
197,keep,first read,0,1331,0.0,0.0,0.0,0.0008,0.8462,30
198,empty,first read,0,5,0.0,0.0,0.4,0.0,0.0,3
199,keep,first read,0,340,0.0,0.0,0.0088,0.0029,2.0958,7
200,keep,first read,0,956,0.0,0.0,0.0,0.0,1.5974,15
201,garbled,first read,0,689,0.0015,0.0,0.0015,0.0,6.8314,9
202,keep,first read,0,2871,0.0087,0.0,0.0,0.0007,0.4255,36
203,keep,first read,0,1352,0.0,0.0,0.0007,0.0,0.3715,27
204,keep,first read,0,1759,0.0102,0.0,0.0006,0.0011,0.6993,24
205,keep,first read,0,2961,0.0003,0.0,0.001,0.002,0.1029,38
206,keep,first read,0,1202,0.0017,0.0,0.0,0.0008,1.7692,17
207,keep,first read,0,3091,0.0013,0.0,0.0003,0.0003,0.1957,38
208,keep,first read,0,1868,0.0,0.0,0.0005,0.0,2.6187,25
209,keep,first read,0,2954,0.0007,0.0,0.0014,0.0003,0.3086,38
210,garbled,first read,0,1395,0.0,0.0,0.0007,0.0,6.6955,16
211,garbled,first read,0,1150,0.0026,0.0,0.0,0.0035,3.2889,16
212,garbled,first read,0,294,0.0,0.0,0.0,0.0,5.4422,9
213,keep,first read,0,1791,0.0,0.0,0.0006,0.0,0.1128,23
214,keep,first read,0,2827,0.0053,0.0,0.0,0.0004,0.0,38
215,keep,recovered,0,567,0.0018,0.0,0.0071,0.0229,0.3704,13
216,keep,recovered,0,1051,0.0,0.0,0.0304,0.0228,0.1002,18
217,empty,first read,0,66,0.0,0.0,0.0,0.0,3.0303,4
218,keep,first read,0,152,0.0,0.0,0.0132,0.0,1.3333,7
219,keep,first read,0,134,0.0,0.0,0.0522,0.0,0.0,6
220,empty,first read,0,5,0.0,0.0,0.2,0.6,0.0,3
221,garbled,first read,0,101,0.0099,0.0,0.0099,0.0198,6.1856,6
222,empty,first read,0,3,0.0,0.0,0.0,0.0,0.0,2
