slug,title_printed,title_english,author,editor_or_origin,year,languages,source_file,source_sha256,source_text_layer,original_pages,usable_pages,recovered_pages,dropped_pages,dropped_detail,characters,myanmar_share_pct,malformed_lines_pct,mon_specific_pct,text_layer_yield,text_encoding,ocr_model,ocr_tool,extracted_on,review,error_rate,licence,notes
mnec-reform-paper-3-2019,လိခ်လညာတ် သ္ဂောံသၠုင်ပတိုန် ကဆံင်ပရေင်ပညာ ကောန်ဂကူမန် ခေတ်တၟိ (လၟေင် ၃),MNEC Reform Paper No 3,နာဲဗညာဟံသာ (Hongsar Banya per PDF metadata),,2019,mon,,0db83a508bfead0a2013b7032a70f781ba633e0b5a0b48eab5de0c870a667a65,yes,17,17,0,0,none,29842,98.3,1.47,7.02,1.010,Unicode NFC,MonOCR v3.5 @ d3d9d5e,,2026-10-01,not recorded,,unresolved,Dated April 2019.
mnec-early-childhood-reform-paper-5-2019,ပရေင်ပညာ ကောန်ၚာ်မန် — သာ်လဵုဂွံစဳဇန်ကၠောန်အာ ပ္ဍဲဒေသဍုင်မန် နကဵုသၞောတ်ဝ် စှ်ေစှ်ေမာန်ရော — လိခ်ပတိုန်ထၜးလညာတ် လၟေင် (၅),MNEC vs Mon Early Childhood Education Reform Paper No 5,နာဲဗညာဟံသာ (Hongsar Banya per PDF metadata),,2019,mon,,bdd4e34ca2709f3233403d0a5d27b93e0faff55d7d832d8985a7f05ea7702346,yes,18,18,0,0,none,35804,98.4,3.92,7.20,1.003,Unicode NFC,MonOCR v3.5 @ d3d9d5e,,2026-10-01,not recorded,,unresolved,Dated May 2019.
journal-of-mon-studies-guideline-2024,ကဝ်လိက်ကောန်ဂကူမန် (ညဳသာ) — လိက်ကၞပ်ကွတ်လ္ၚတ်မန် (ဝါ) ဂျာနလ်ကဝ်လိက်ကောန်ဂကူမန်,Journal of Mon Studies (or) Journal of Mon National College: editorial guideline,,"Mon National College; revision by နာဲဗညာဟံသာ, 3 November 2024",2024,mon+english,,293eba1a7a10ae704d4efa11f07e2ad3c9369a983d42ee506e3cf66c8b80ead9,yes,4,4,0,0,none,5956,95.7,4.95,5.56,1.022,Unicode NFC,MonOCR v3.5 @ d3d9d5e,,2026-10-01,not recorded,,unresolved,Amended 3 November 2024.
gatui-mon-2,လိက်ဂတဵုဇၞော်မန် ၂ (running header: လိခ်ဂတဵုဇၞော်မဉ်),"Gatui Mon, part 2",,redistributed by www.monlibrary.com,,mon,,bd43ad9d19354f46e0dfe8fadaf7641fcd48f13099c950a9061e891a71089fdf,yes,17,17,0,0,none,15034,97.8,2.55,4.91,1.015,Unicode NFC,MonOCR v3.5 @ d3d9d5e,,2026-10-01,not recorded,,unresolved,Part 2 of a longer work; printed page numbers run ၂၂ to ၃၈. Page 17 is blank and has a marker only.
mon-myanmar-dictionary-nai-tun-thein,ကျောင်းသုံး မွန်-မြန်မာ အဘိဓာန် နှင့် သဒ္ဒါနှိုင်းယှဉ်ချက်,Mon-Myanmar Dictionary and Grammar Comparison (school use),နိုင်ထွန်းသိန်း (Nai Tun Thein),edited by နိုင်ပန်းလှ (Nai Pan Hla); second printing,2020,mon+burmese,mon-dict.pdf,4d4d0fb6a185e2ac0ccd4359bb6e2ce2a98d72af54b9115ac6301e2c6f77c37f,no (page images from a web viewer),380,374,0,6,"empty (blank): 2, 50, 379, 380; digits (contents tables): 13, 14",306674,88.8,,1.32,,Unicode NFC,MonOCR v3.5 @ d3d9d5e,"monocr-cli 0.2.0 on monocr 0.5.0, page mode",2026-10-02,"spot-read by a Mon reader (owner), judged good",,unresolved,"Six pages dropped: 2, 13, 14, 50, 379, 380. March 2020 printing. Possible second scan in the archive (255 pages), not compared."
gkaum-trah-lyah-abhidhar-kya,ဂကောံတြးလျးအဘိဓရ်ကျာ်,,,,,mon+burmese,ဂကောံတြးလျးအဘိဓရ်ကျာ်.pdf,379c837d6303425d1584e4b3fb5dfa044e84662363a6a2e79fce07db25259f7b,none-usable,136,120,14,16,"digits: 57; empty: 1-2, 9-14, 29, 52, 75, 111, 131-132; symbols: 16",145553,96.4,,3.44,,Unicode NFC,MonOCR v3.5 @ d3d9d5e,"monocr-cli 0.2.0 on monocr 0.5.0, page mode",2026-10-03,not reviewed,,unresolved,"The title page, as the OCR read it, names a silver-jubilee commemoration (ငွေရတု) by an Abhidhamma promotion association (အဘိဓမ္မာပြန့်ပွားရေးအသင်း); not checked against the printed page."
lik-knap-smat-samti-sabhang-ratson,လိက်ကၞပ်စၟတ်သမ္တီ သဘင်ရတ်သြန်,,,,,mon+burmese,ဗ_ဗေင်_မာဲ_မာံ_ဗၠာဲ_မ_ဟာ_ဒုက်_.pdf,539d33b46a50afe720c95bd13dca7aaa0374c99f9b62af8aa545279fb224c73e,none-usable,65,43,3,22,"empty: 1, 7-9, 14, 17, 22, 25, 30, 49-55; garbled: 11, 21, 31, 33-34, 42",35336,98.4,,7.7,,Unicode NFC,MonOCR v3.5 @ d3d9d5e,"monocr-cli 0.2.0 on monocr 0.5.0, page mode",2026-10-03,not reviewed,,unresolved,Title read from the first page by OCR; the PDF's file name is unrelated underscores. The first page also mentions a 25th (၂၅) occasion.
lyah-rat-tmoi-knap-6,လျးရတ်တၟိကၞပ်(၆),,,,2011,mon+burmese,လျးရတ်တၟိကၞပ်(၆) .pdf,c5f58566a2224cdefbd7d15bd93bd4616d3493a74b5ddbb59f6aea04b365c8f6,none-usable,222,130,11,92,"empty: 1-2, 8, 18, 23, 25, 27-28, 35, 37, 43, 49, 51, 53, 57, 63-64, 73, 78, 81, 85, 95, 97, 104-105, 108, 110-111, 119, 125-127, 135, 138, 140, 142-143, 152, 158-159, 164, 166, 169, 172, 175-177, 191, 198, 217, 220, 222; garbled: 7, 9-12, 16, 33, 45-46, 52, 56, 88, 96, 99, 103, 106-107, 109, 112-113, 121-122, 124, 129, 132, 139, 144, 162, 165, 168, 170, 173, 179, 195, 201, 210-212, 221; symbols: 101",163149,98.4,,6.97,,Unicode NFC,MonOCR v3.5 @ d3d9d5e,"monocr-cli 0.2.0 on monocr 0.5.0, page mode",2026-10-03,not reviewed,,unresolved,"A periodical issue. The first page, as the OCR read it, gives July 2011 and Buddhist era 2555; not checked against the printed page."
anagat-mon-knap-12,အနာဂတ်မန်ကၞပ်(၁၂),"Anagat Mon (Mon Future), issue 12",,,,mon+burmese+english,အနာဂတ်မန်ကၞပ်(၁၂).pdf,f708a21487e77c41f61f9b535d27fa08a79bcf5d7bb1b4a039cad8ab2170056f,none-usable,206,134,47,72,"empty: 1-4, 9-17, 26, 33, 37, 40, 47, 51-52, 54, 56, 63-65, 80, 84, 87, 89-90, 103, 107, 109, 111, 115, 118-120, 129-130, 145-146, 155, 204-205; english: 5; garbled: 6, 27, 30, 39, 42, 48, 55, 62, 70, 77, 88, 91, 99-101, 106, 108, 113, 122, 127-128, 136, 148, 151, 153-154",169782,57.8,,6.68,,Unicode NFC,MonOCR v3.5 @ d3d9d5e,"monocr-cli 0.2.0 on monocr 0.5.0, page mode",2026-10-03,not reviewed,,unresolved,A magazine issue. Forty English pages were read with Tesseract and are kept; one page the Mon model called English was a Mon contents table and is dropped.
